{
    "Küme İstatistikleri": {
        "Küme 0": {
            "Küme Boyutu": 333,
            "Küme Oranı": "33.30%",
            "Ortalama Değerler": {
                "Özellik1": 2.0812818118525684,
                "Özellik2": 4.0813502103239525,
                "Özellik3": -9.654617599745023,
                "Özellik4": 9.438292315012237
            },
            "Standart Sapma": {
                "Özellik1": 1.0172335509087478,
                "Özellik2": 1.0442813801280955,
                "Özellik3": 1.0174782945696201,
                "Özellik4": 1.0042769472998363
            },
            "Min Değerler": {
                "Özellik1": -0.8846879844574658,
                "Özellik2": 1.32929595781034,
                "Özellik3": -12.517758804086219,
                "Özellik4": 6.407061072339163
            },
            "Max Değerler": {
                "Özellik1": 5.265393204458909,
                "Özellik2": 7.029854611587677,
                "Özellik3": -6.436253379571866,
                "Özellik4": 13.324434749676213
            },
            "Öne Çıkan Özellikler": [
                "Özellik1: yüksek"
            ]
        },
        "Küme 1": {
            "Küme Boyutu": 334,
            "Küme Oranı": "33.40%",
            "Ortalama Değerler": {
                "Özellik1": -2.4797223254993646,
                "Özellik2": 9.03626135530025,
                "Özellik3": 4.681009679939979,
                "Özellik4": 2.024283643928226
            },
            "Standart Sapma": {
                "Özellik1": 0.9402469402223187,
                "Özellik2": 1.0352642818780076,
                "Özellik3": 0.9714339471063521,
                "Özellik4": 0.9883847028349028
            },
            "Min Değerler": {
                "Özellik1": -5.160167431445762,
                "Özellik2": 6.118030750004632,
                "Özellik3": 1.3986114961590288,
                "Özellik4": -0.32875148079485284
            },
            "Max Değerler": {
                "Özellik1": 0.017734802820871476,
                "Özellik2": 12.867017618853042,
                "Özellik3": 7.718759644683339,
                "Özellik4": 4.693338850530351
            },
            "Öne Çıkan Özellikler": [
                "Özellik2: yüksek",
                "Özellik3: yüksek",
                "Özellik4: düşük"
            ]
        },
        "Küme 2": {
            "Küme Boyutu": 333,
            "Küme Oranı": "33.30%",
            "Ortalama Değerler": {
                "Özellik1": -6.883695100588631,
                "Özellik2": -6.744685366556775,
                "Özellik3": -8.852819572944073,
                "Özellik4": 7.315158287597361
            },
            "Standart Sapma": {
                "Özellik1": 0.9379417392605074,
                "Özellik2": 0.9449000215653737,
                "Özellik3": 1.0349197019567749,
                "Özellik4": 1.0267403030861846
            },
            "Min Değerler": {
                "Özellik1": -9.899139346972095,
                "Özellik2": -9.099409966023481,
                "Özellik3": -11.541560049635248,
                "Özellik4": 4.3831342808344225
            },
            "Max Değerler": {
                "Özellik1": -4.452910704805747,
                "Özellik2": -3.742361059615953,
                "Özellik3": -5.889233331327285,
                "Özellik4": 10.516630483343564
            },
            "Öne Çıkan Özellikler": [
                "Özellik1: düşük",
                "Özellik2: düşük"
            ]
        }
    },
    "Genel Karşılaştırma": {
        "En Büyük Küme": "Küme 1",
        "En Küçük Küme": "Küme 2",
        "Küme Boyutları": {
            "1": 334,
            "0": 333,
            "2": 333
        },
        "Algoritma": "K-means"
    }
}